Ticker,Strategy,Risk_Config,Params,Beats_BH,OOS_BH_pct,Score,OOS_total_return_pct,OOS_annual_return_pct,OOS_sharpe_ratio,OOS_max_drawdown_pct,OOS_total_trades,OOS_win_rate_pct,OOS_avg_win_pct,OOS_avg_loss_pct,OOS_profit_factor,OOS_final_equity,OOS_buy_hold_return_pct
MSFT,Crash Avoider,No stops,"trend_sma=30, confirm_days=2, rsi_exit=30, rsi_reentry=55",False,3.285242110186437,-0.743,-28.83,-20.15,-1.213,-38.78,3,0.0,0.0,-12.82,0.0,7117.07,3.29
MSFT,Crash Avoider,Trail 10%,"trend_sma=30, confirm_days=2, rsi_exit=30, rsi_reentry=55",False,3.285242110186437,-0.424,-9.47,-6.37,-0.378,-22.33,3,0.0,0.0,-5.53,0.0,9053.12,3.29
MSFT,Crash Avoider,Trail 15%,"trend_sma=50, confirm_days=3, rsi_exit=45, rsi_reentry=50",True,3.285242110186437,1.375,16.6,10.7,0.72,-20.76,3,33.3,27.4,-7.29,1.51,11659.83,3.29
MSFT,Crash Avoider,Trail 20%,"trend_sma=30, confirm_days=2, rsi_exit=30, rsi_reentry=55",False,3.285242110186437,-0.743,-28.83,-20.15,-1.213,-38.78,3,0.0,0.0,-12.82,0.0,7117.07,3.29
MSFT,Dip Buyer,No stops,"fast_ema=21, slow_ema=30, dip_pct=7, trend_lookback=5",False,3.285242110186437,-0.499,-4.68,-3.12,-0.421,-9.37,3,0.0,0.0,-2.74,0.0,9532.37,3.29
MSFT,Dip Buyer,Trail 10%,"fast_ema=21, slow_ema=30, dip_pct=7, trend_lookback=5",False,3.285242110186437,-0.515,-4.98,-3.32,-0.454,-9.67,3,0.0,0.0,-2.85,0.0,9502.12,3.29
MSFT,Dip Buyer,Trail 15%,"fast_ema=21, slow_ema=30, dip_pct=7, trend_lookback=5",False,3.285242110186437,-0.499,-4.68,-3.12,-0.421,-9.37,3,0.0,0.0,-2.74,0.0,9532.37,3.29
MSFT,Dip Buyer,Trail 20%,"fast_ema=21, slow_ema=30, dip_pct=7, trend_lookback=5",False,3.285242110186437,-0.499,-4.68,-3.12,-0.421,-9.37,3,0.0,0.0,-2.74,0.0,9532.37,3.29
MSFT,Trend Rider,No stops,"ema_period=20, atr_period=10, atr_mult=2.5, reentry_mult=0",False,3.285242110186437,-0.475,-15.61,-10.62,-0.393,-32.85,4,25.0,17.67,-13.41,0.38,8438.99,3.29
MSFT,Trend Rider,Trail 10%,"ema_period=60, atr_period=10, atr_mult=2.5, reentry_mult=0",True,3.285242110186437,1.958,15.18,9.8,0.665,-12.91,4,25.0,27.65,-3.94,2.19,11518.26,3.29
MSFT,Trend Rider,Trail 15%,"ema_period=60, atr_period=20, atr_mult=1.5, reentry_mult=0",True,3.285242110186437,2.726,18.51,11.89,0.773,-12.04,3,33.3,27.1,-3.84,3.25,11850.93,3.29
MSFT,Trend Rider,Trail 20%,"ema_period=50, atr_period=14, atr_mult=2.5, reentry_mult=0",False,3.285242110186437,0.09,1.73,1.14,0.154,-22.14,3,33.3,22.61,-9.84,1.01,10173.02,3.29
MSFT,Dual Regime,No stops,"fast_sma=40, slow_sma=200, reentry_buffer=1.0",False,3.285242110186437,-0.668,-10.54,-7.1,-0.829,-15.79,1,0.0,0.0,-10.97,0.0,8946.02,3.29
MSFT,Dual Regime,Trail 10%,"fast_sma=75, slow_sma=120, reentry_buffer=1.0",False,3.285242110186437,-0.089,-1.1,-0.73,-0.054,-12.39,2,50.0,4.43,-5.5,0.8,9889.91,3.29
MSFT,Dual Regime,Trail 15%,"fast_sma=50, slow_sma=100, reentry_buffer=1.0",False,3.285242110186437,0.201,2.12,1.4,0.198,-12.66,1,100.0,2.21,0.0,inf,10212.41,3.29
MSFT,Dual Regime,Trail 20%,"fast_sma=40, slow_sma=200, reentry_buffer=1.0",False,3.285242110186437,-0.668,-10.54,-7.1,-0.829,-15.79,1,0.0,0.0,-10.97,0.0,8946.02,3.29
MSFT,SMA Crossover,No stops,"fast_period=30, slow_period=200",False,3.285242110186437,-0.643,-9.55,-6.43,-0.754,-14.86,1,0.0,0.0,-9.94,0.0,9044.9,3.29
MSFT,SMA Crossover,Trail 10%,"fast_period=15, slow_period=30",True,3.285242110186437,0.229,3.36,2.21,0.225,-17.98,5,20.0,16.05,-2.88,1.27,10336.21,3.29
MSFT,SMA Crossover,Trail 15%,"fast_period=15, slow_period=30",True,3.285242110186437,0.709,7.51,4.91,0.403,-14.86,5,20.0,17.92,-2.29,1.74,10750.65,3.29
MSFT,SMA Crossover,Trail 20%,"fast_period=30, slow_period=200",False,3.285242110186437,-0.643,-9.55,-6.43,-0.754,-14.86,1,0.0,0.0,-9.94,0.0,9044.9,3.29
AAPL,Crash Avoider,No stops,"trend_sma=60, confirm_days=7, rsi_exit=45, rsi_reentry=60",False,36.43189870667756,0.024,0.36,0.24,0.078,-15.85,2,0.0,0.0,-7.25,0.0,10036.28,36.43
AAPL,Crash Avoider,Trail 10%,"trend_sma=75, confirm_days=2, rsi_exit=30, rsi_reentry=60",False,36.43189870667756,0.303,3.81,2.51,0.262,-15.86,2,0.0,0.0,-5.74,0.0,10381.24,36.43
AAPL,Crash Avoider,Trail 15%,"trend_sma=60, confirm_days=2, rsi_exit=30, rsi_reentry=60",False,36.43189870667756,0.104,1.78,1.17,0.158,-19.76,1,0.0,0.0,-11.92,0.0,10177.94,36.43
AAPL,Crash Avoider,Trail 20%,"trend_sma=60, confirm_days=7, rsi_exit=45, rsi_reentry=60",False,36.43189870667756,0.024,0.36,0.24,0.078,-15.85,2,0.0,0.0,-7.25,0.0,10036.28,36.43
AAPL,Dip Buyer,No stops,"fast_ema=5, slow_ema=75, dip_pct=2, trend_lookback=5",False,36.43189870667756,0.529,8.07,5.27,0.426,-21.76,5,20.0,14.68,-4.99,0.63,10807.33,36.43
AAPL,Dip Buyer,Trail 10%,"fast_ema=5, slow_ema=40, dip_pct=2, trend_lookback=5",False,36.43189870667756,0.906,12.88,8.35,0.58,-22.47,6,33.3,11.72,-5.88,0.87,11288.03,36.43
AAPL,Dip Buyer,Trail 15%,"fast_ema=5, slow_ema=40, dip_pct=2, trend_lookback=5",False,36.43189870667756,0.713,11.02,7.16,0.517,-23.46,6,33.3,11.72,-6.2,0.81,11102.01,36.43
AAPL,Dip Buyer,Trail 20%,"fast_ema=5, slow_ema=75, dip_pct=2, trend_lookback=5",False,36.43189870667756,0.529,8.07,5.27,0.426,-21.76,5,20.0,14.68,-4.99,0.63,10807.33,36.43
AAPL,Trend Rider,No stops,"ema_period=20, atr_period=10, atr_mult=3.0, reentry_mult=1.0",False,36.43189870667756,0.806,16.58,10.68,0.514,-31.13,2,50.0,31.86,-26.72,0.89,11658.05,36.43
AAPL,Trend Rider,Trail 10%,"ema_period=20, atr_period=10, atr_mult=2.5, reentry_mult=1.0",False,36.43189870667756,2.331,30.14,19.04,0.85,-23.92,6,33.3,13.08,-4.15,1.41,13014.18,36.43
AAPL,Trend Rider,Trail 15%,"ema_period=20, atr_period=10, atr_mult=3.0, reentry_mult=0",False,36.43189870667756,0.117,3.44,2.26,0.215,-35.76,4,25.0,20.03,-10.49,0.51,10343.63,36.43
AAPL,Trend Rider,Trail 20%,"ema_period=20, atr_period=10, atr_mult=3.0, reentry_mult=1.0",False,36.43189870667756,3.599,35.84,22.47,0.952,-19.44,2,50.0,31.86,-14.04,1.95,13584.04,36.43
AAPL,Dual Regime,No stops,"fast_sma=40, slow_sma=200, reentry_buffer=1.0",False,36.43189870667756,5.292,31.57,19.91,1.3,-13.72,0,0.0,0.0,0.0,0,13157.37,36.43
AAPL,Dual Regime,Trail 10%,"fast_sma=40, slow_sma=200, reentry_buffer=1.0",False,36.43189870667756,10.093,34.32,21.56,1.788,-9.48,1,100.0,9.6,0.0,inf,13432.31,36.43
AAPL,Dual Regime,Trail 15%,"fast_sma=40, slow_sma=200, reentry_buffer=1.0",False,36.43189870667756,4.376,26.55,16.86,1.385,-14.47,1,100.0,3.51,0.0,inf,12654.68,36.43
AAPL,Dual Regime,Trail 20%,"fast_sma=30, slow_sma=100, reentry_buffer=1.0",False,36.43189870667756,5.32,31.3,19.75,1.332,-13.72,1,100.0,22.03,0.0,inf,13130.25,36.43
AAPL,SMA Crossover,No stops,"fast_period=10, slow_period=75",False,36.43189870667756,4.621,32.06,20.2,1.332,-16.18,2,50.0,21.78,-5.82,3.09,13205.74,36.43
AAPL,SMA Crossover,Trail 10%,"fast_period=5, slow_period=100",False,36.43189870667756,1.61,17.71,11.4,0.845,-20.3,4,25.0,17.76,-4.42,1.2,11771.42,36.43
AAPL,SMA Crossover,Trail 15%,"fast_period=5, slow_period=30",False,36.43189870667756,0.907,10.99,7.15,0.525,-18.48,7,14.3,19.4,-4.09,0.69,11099.39,36.43
AAPL,SMA Crossover,Trail 20%,"fast_period=10, slow_period=75",False,36.43189870667756,4.621,32.06,20.2,1.332,-16.18,2,50.0,21.78,-5.82,3.09,13205.74,36.43
COST,Crash Avoider,No stops,"trend_sma=30, confirm_days=7, rsi_exit=35, rsi_reentry=45",False,5.095665552455064,-0.282,-8.35,-5.61,-0.216,-29.62,5,0.0,0.0,-4.22,0.0,9164.88,5.1
COST,Crash Avoider,Trail 10%,"trend_sma=30, confirm_days=2, rsi_exit=30, rsi_reentry=45",False,5.095665552455064,0.043,0.86,0.57,0.122,-22.65,4,50.0,2.25,-7.85,0.28,10086.48,5.1
COST,Crash Avoider,Trail 15%,"trend_sma=30, confirm_days=7, rsi_exit=35, rsi_reentry=45",False,5.095665552455064,-0.273,-8.0,-5.37,-0.21,-29.32,5,0.0,0.0,-4.15,0.0,9199.58,5.1
COST,Crash Avoider,Trail 20%,"trend_sma=30, confirm_days=7, rsi_exit=35, rsi_reentry=45",False,5.095665552455064,-0.282,-8.35,-5.61,-0.216,-29.62,5,0.0,0.0,-4.22,0.0,9164.88,5.1
COST,Dip Buyer,No stops,"fast_ema=21, slow_ema=75, dip_pct=7, trend_lookback=10",False,5.095665552455064,-0.782,-11.65,-7.87,-0.808,-14.9,2,50.0,0.43,-13.28,0.03,8835.27,5.1
COST,Dip Buyer,Trail 10%,"fast_ema=21, slow_ema=75, dip_pct=7, trend_lookback=10",False,5.095665552455064,-0.713,-9.09,-6.11,-0.583,-12.75,3,33.3,0.43,-5.45,0.04,9091.17,5.1
COST,Dip Buyer,Trail 15%,"fast_ema=21, slow_ema=75, dip_pct=7, trend_lookback=10",False,5.095665552455064,-0.79,-12.26,-8.29,-0.895,-15.52,2,50.0,0.43,-13.93,0.03,8773.63,5.1
COST,Dip Buyer,Trail 20%,"fast_ema=21, slow_ema=75, dip_pct=7, trend_lookback=10",False,5.095665552455064,-0.782,-11.65,-7.87,-0.808,-14.9,2,50.0,0.43,-13.28,0.03,8835.27,5.1
COST,Trend Rider,No stops,"ema_period=20, atr_period=10, atr_mult=2.0, reentry_mult=0.5",False,5.095665552455064,-0.099,-2.07,-1.38,0.021,-21.35,4,50.0,1.86,-5.68,0.29,9792.88,5.1
COST,Trend Rider,Trail 10%,"ema_period=20, atr_period=10, atr_mult=2.5, reentry_mult=0.5",False,5.095665552455064,-0.265,-6.17,-4.12,-0.14,-23.28,5,20.0,3.91,-4.98,0.18,9383.23,5.1
COST,Trend Rider,Trail 15%,"ema_period=20, atr_period=10, atr_mult=2.0, reentry_mult=0.5",False,5.095665552455064,-0.099,-2.07,-1.38,0.021,-21.35,4,50.0,1.86,-5.68,0.29,9792.88,5.1
COST,Trend Rider,Trail 20%,"ema_period=20, atr_period=10, atr_mult=2.0, reentry_mult=0.5",False,5.095665552455064,-0.099,-2.07,-1.38,0.021,-21.35,4,50.0,1.86,-5.68,0.29,9792.88,5.1
COST,Dual Regime,No stops,"fast_sma=75, slow_sma=100, reentry_buffer=1.0",False,5.095665552455064,-0.341,-4.7,-3.13,-0.269,-13.78,2,0.0,0.0,-2.56,0.0,9530.13,5.1
COST,Dual Regime,Trail 10%,"fast_sma=75, slow_sma=175, reentry_buffer=1.0",False,5.095665552455064,-0.139,-1.07,-0.71,-0.051,-7.69,1,0.0,0.0,-1.05,0.0,9892.96,5.1
COST,Dual Regime,Trail 15%,"fast_sma=75, slow_sma=175, reentry_buffer=1.0",False,5.095665552455064,-0.139,-1.07,-0.71,-0.051,-7.69,1,0.0,0.0,-1.05,0.0,9892.96,5.1
COST,Dual Regime,Trail 20%,"fast_sma=75, slow_sma=100, reentry_buffer=1.0",False,5.095665552455064,-0.341,-4.7,-3.13,-0.269,-13.78,2,0.0,0.0,-2.56,0.0,9530.13,5.1
COST,SMA Crossover,No stops,"fast_period=5, slow_period=30",False,5.095665552455064,-0.292,-5.25,-3.51,-0.168,-17.98,10,40.0,2.21,-2.37,0.61,9474.83,5.1
COST,SMA Crossover,Trail 10%,"fast_period=5, slow_period=30",False,5.095665552455064,-0.226,-3.77,-2.51,-0.108,-16.65,10,50.0,1.95,-2.71,0.71,9623.1,5.1
COST,SMA Crossover,Trail 15%,"fast_period=5, slow_period=30",False,5.095665552455064,-0.292,-5.25,-3.51,-0.168,-17.98,10,40.0,2.21,-2.37,0.61,9474.83,5.1
COST,SMA Crossover,Trail 20%,"fast_period=5, slow_period=30",False,5.095665552455064,-0.292,-5.25,-3.51,-0.168,-17.98,10,40.0,2.21,-2.37,0.61,9474.83,5.1
V,Crash Avoider,No stops,"trend_sma=50, confirm_days=7, rsi_exit=30, rsi_reentry=60",False,5.705145491038488,-0.497,-12.96,-8.78,-0.336,-26.1,1,0.0,0.0,-7.05,0.0,8703.99,5.71
V,Crash Avoider,Trail 10%,"trend_sma=75, confirm_days=2, rsi_exit=40, rsi_reentry=60",False,5.705145491038488,-0.734,-12.97,-8.79,-0.965,-17.68,2,0.0,0.0,-5.76,0.0,8702.51,5.71
V,Crash Avoider,Trail 15%,"trend_sma=50, confirm_days=7, rsi_exit=30, rsi_reentry=60",False,5.705145491038488,-0.837,-22.98,-15.87,-1.297,-27.47,2,0.0,0.0,-11.45,0.0,7701.64,5.71
V,Crash Avoider,Trail 20%,"trend_sma=50, confirm_days=7, rsi_exit=30, rsi_reentry=60",False,5.705145491038488,-0.497,-12.96,-8.78,-0.336,-26.1,1,0.0,0.0,-7.05,0.0,8703.99,5.71
V,Dip Buyer,No stops,"fast_ema=15, slow_ema=60, dip_pct=7, trend_lookback=15",False,5.705145491038488,-0.307,-6.04,-4.04,-0.187,-19.7,4,25.0,7.36,-4.32,0.55,9396.27,5.71
V,Dip Buyer,Trail 10%,"fast_ema=15, slow_ema=30, dip_pct=7, trend_lookback=5",False,5.705145491038488,-0.887,-23.54,-16.27,-1.738,-26.55,5,0.0,0.0,-4.91,0.0,7645.82,5.71
V,Dip Buyer,Trail 15%,"fast_ema=15, slow_ema=75, dip_pct=7, trend_lookback=5",False,5.705145491038488,-0.922,-28.07,-19.59,-1.544,-30.45,6,0.0,0.0,-5.28,0.0,7193.01,5.71
V,Dip Buyer,Trail 20%,"fast_ema=15, slow_ema=60, dip_pct=7, trend_lookback=15",False,5.705145491038488,-0.307,-6.04,-4.04,-0.187,-19.7,4,25.0,7.36,-4.32,0.55,9396.27,5.71
V,Trend Rider,No stops,"ema_period=20, atr_period=10, atr_mult=3.0, reentry_mult=1.0",False,5.705145491038488,0.308,4.94,3.24,0.256,-20.16,0,0.0,0.0,0.0,0,10494.13,5.71
V,Trend Rider,Trail 10%,"ema_period=20, atr_period=14, atr_mult=3.0, reentry_mult=1.0",False,5.705145491038488,-0.423,-13.09,-8.87,-0.344,-30.98,6,33.3,3.81,-6.02,0.32,8690.9,5.71
V,Trend Rider,Trail 15%,"ema_period=20, atr_period=14, atr_mult=3.0, reentry_mult=1.0",False,5.705145491038488,-0.108,-2.36,-1.57,0.033,-22.66,2,0.0,0.0,-1.96,0.0,9763.6,5.71
V,Trend Rider,Trail 20%,"ema_period=20, atr_period=14, atr_mult=3.0, reentry_mult=1.0",False,5.705145491038488,0.086,1.62,1.07,0.16,-21.86,1,0.0,0.0,-4.66,0.0,10162.33,5.71
V,Dual Regime,No stops,"fast_sma=40, slow_sma=150, reentry_buffer=1.0",False,5.705145491038488,-0.478,-3.51,-2.34,-0.418,-7.35,1,0.0,0.0,-3.56,0.0,9648.65,5.71
V,Dual Regime,Trail 10%,"fast_sma=50, slow_sma=200, reentry_buffer=1.0",False,5.705145491038488,-0.179,-0.86,-0.57,-0.085,-4.8,1,0.0,0.0,-0.87,0.0,9913.72,5.71
V,Dual Regime,Trail 15%,"fast_sma=40, slow_sma=150, reentry_buffer=1.0",False,5.705145491038488,-0.478,-3.51,-2.34,-0.418,-7.35,1,0.0,0.0,-3.56,0.0,9648.65,5.71
V,Dual Regime,Trail 20%,"fast_sma=40, slow_sma=150, reentry_buffer=1.0",False,5.705145491038488,-0.478,-3.51,-2.34,-0.418,-7.35,1,0.0,0.0,-3.56,0.0,9648.65,5.71
V,SMA Crossover,No stops,"fast_period=20, slow_period=200",False,5.705145491038488,-0.843,-8.19,-5.5,-0.771,-9.72,3,33.3,1.55,-4.93,0.16,9180.71,5.71
V,SMA Crossover,Trail 10%,"fast_period=30, slow_period=150",False,5.705145491038488,-0.331,-2.43,-1.62,-0.301,-7.35,2,50.0,0.1,-2.57,0.04,9756.67,5.71
V,SMA Crossover,Trail 15%,"fast_period=20, slow_period=200",False,5.705145491038488,-0.843,-8.19,-5.5,-0.771,-9.72,3,33.3,1.55,-4.93,0.16,9180.71,5.71
V,SMA Crossover,Trail 20%,"fast_period=20, slow_period=200",False,5.705145491038488,-0.843,-8.19,-5.5,-0.771,-9.72,3,33.3,1.55,-4.93,0.16,9180.71,5.71
MA,Crash Avoider,No stops,"trend_sma=75, confirm_days=7, rsi_exit=30, rsi_reentry=45",False,-4.646396285351706,-0.56,-13.75,-9.32,-0.401,-24.54,1,0.0,0.0,-0.32,0.0,8625.13,-4.65
MA,Crash Avoider,Trail 10%,"trend_sma=60, confirm_days=3, rsi_exit=45, rsi_reentry=60",False,-4.646396285351706,-0.798,-10.18,-6.86,-0.664,-12.75,3,0.0,0.0,-3.63,0.0,8981.52,-4.65
MA,Crash Avoider,Trail 15%,"trend_sma=60, confirm_days=3, rsi_exit=45, rsi_reentry=60",False,-4.646396285351706,-0.563,-6.45,-4.32,-0.373,-11.45,3,33.3,1.2,-4.01,0.15,9354.59,-4.65
MA,Crash Avoider,Trail 20%,"trend_sma=60, confirm_days=3, rsi_exit=45, rsi_reentry=60",False,-4.646396285351706,-0.563,-6.45,-4.32,-0.373,-11.45,3,33.3,1.2,-4.01,0.15,9354.59,-4.65
MA,Dip Buyer,No stops,"fast_ema=5, slow_ema=30, dip_pct=7, trend_lookback=5",False,-4.646396285351706,-0.969,-28.49,-19.9,-1.648,-29.4,7,14.3,0.28,-5.56,0.01,7150.8,-4.65
MA,Dip Buyer,Trail 10%,"fast_ema=15, slow_ema=40, dip_pct=5, trend_lookback=15",False,-4.646396285351706,-0.855,-16.6,-11.32,-0.852,-19.41,8,37.5,1.89,-4.72,0.23,8339.93,-4.65
MA,Dip Buyer,Trail 15%,"fast_ema=15, slow_ema=40, dip_pct=5, trend_lookback=15",False,-4.646396285351706,-0.862,-17.43,-11.9,-0.913,-20.22,6,16.7,0.45,-3.94,0.02,8256.98,-4.65
MA,Dip Buyer,Trail 20%,"fast_ema=5, slow_ema=30, dip_pct=7, trend_lookback=5",False,-4.646396285351706,-0.969,-28.49,-19.9,-1.648,-29.4,7,14.3,0.28,-5.56,0.01,7150.8,-4.65
MA,Trend Rider,No stops,"ema_period=20, atr_period=10, atr_mult=3.0, reentry_mult=1.0",False,-4.646396285351706,-0.569,-11.49,-7.76,-0.268,-20.19,1,0.0,0.0,-9.51,0.0,8850.65,-4.65
MA,Trend Rider,Trail 10%,"ema_period=20, atr_period=14, atr_mult=3.0, reentry_mult=1.0",False,-4.646396285351706,-0.683,-16.65,-11.35,-0.52,-24.37,6,16.7,5.5,-4.05,0.26,8335.02,-4.65
MA,Trend Rider,Trail 15%,"ema_period=20, atr_period=14, atr_mult=2.0, reentry_mult=1.0",False,-4.646396285351706,-0.751,-20.85,-14.34,-0.64,-27.77,7,28.6,3.04,-5.67,0.2,7914.61,-4.65
MA,Trend Rider,Trail 20%,"ema_period=20, atr_period=14, atr_mult=2.0, reentry_mult=1.0",False,-4.646396285351706,-0.751,-20.85,-14.34,-0.64,-27.77,7,28.6,3.04,-5.67,0.2,7914.61,-4.65
MA,Dual Regime,No stops,"fast_sma=40, slow_sma=120, reentry_buffer=1.0",True,-4.646396285351706,-0.481,-4.62,-3.08,-0.239,-9.61,1,0.0,0.0,-4.7,0.0,9538.14,-4.65
MA,Dual Regime,Trail 10%,"fast_sma=40, slow_sma=200, reentry_buffer=1.0",False,-4.646396285351706,-0.695,-10.1,-6.8,-1.08,-14.53,2,0.0,0.0,-5.28,0.0,8990.12,-4.65
MA,Dual Regime,Trail 15%,"fast_sma=40, slow_sma=200, reentry_buffer=1.0",False,-4.646396285351706,-0.599,-6.95,-4.66,-0.705,-11.6,1,0.0,0.0,-7.05,0.0,9304.84,-4.65
MA,Dual Regime,Trail 20%,"fast_sma=40, slow_sma=200, reentry_buffer=1.0",False,-4.646396285351706,-0.599,-6.95,-4.66,-0.705,-11.6,1,0.0,0.0,-7.05,0.0,9304.84,-4.65
MA,SMA Crossover,No stops,"fast_period=30, slow_period=200",False,-4.646396285351706,-0.863,-15.94,-10.85,-1.566,-18.48,2,0.0,0.0,-8.61,0.0,8406.48,-4.65
MA,SMA Crossover,Trail 10%,"fast_period=20, slow_period=50",False,-4.646396285351706,-0.95,-23.17,-16.0,-1.399,-24.38,5,20.0,0.2,-6.62,0.01,7683.18,-4.65
MA,SMA Crossover,Trail 15%,"fast_period=30, slow_period=200",False,-4.646396285351706,-0.863,-15.94,-10.85,-1.566,-18.48,2,0.0,0.0,-8.61,0.0,8406.48,-4.65
MA,SMA Crossover,Trail 20%,"fast_period=30, slow_period=200",False,-4.646396285351706,-0.863,-15.94,-10.85,-1.566,-18.48,2,0.0,0.0,-8.61,0.0,8406.48,-4.65
UNH,Crash Avoider,No stops,"trend_sma=50, confirm_days=2, rsi_exit=30, rsi_reentry=50",True,-32.32591282337359,-0.611,-25.93,-18.01,-0.469,-42.45,4,25.0,2.61,-16.53,0.04,7406.87,-32.33
UNH,Crash Avoider,Trail 10%,"trend_sma=40, confirm_days=2, rsi_exit=45, rsi_reentry=60",True,-32.32591282337359,0.058,0.68,0.45,0.097,-12.9,2,50.0,10.07,-8.29,1.08,10068.06,-32.33
UNH,Crash Avoider,Trail 15%,"trend_sma=100, confirm_days=3, rsi_exit=45, rsi_reentry=55",True,-32.32591282337359,2.832,20.78,13.31,0.965,-14.42,1,0.0,0.0,-2.08,0.0,12078.07,-32.33
UNH,Crash Avoider,Trail 20%,"trend_sma=50, confirm_days=2, rsi_exit=30, rsi_reentry=50",True,-32.32591282337359,-0.395,-12.51,-8.46,-0.173,-31.66,4,25.0,2.61,-11.42,0.07,8748.88,-32.33
UNH,Dip Buyer,No stops,"fast_ema=21, slow_ema=30, dip_pct=7, trend_lookback=10",True,-32.32591282337359,-0.973,-28.89,-20.2,-1.107,-29.68,4,0.0,0.0,-8.17,0.0,7111.13,-32.33
UNH,Dip Buyer,Trail 10%,"fast_ema=21, slow_ema=30, dip_pct=7, trend_lookback=10",True,-32.32591282337359,-1.0,-19.95,-13.69,-1.236,-19.95,4,0.0,0.0,-5.44,0.0,8005.3,-32.33
UNH,Dip Buyer,Trail 15%,"fast_ema=21, slow_ema=30, dip_pct=7, trend_lookback=10",True,-32.32591282337359,-1.0,-24.38,-16.88,-1.225,-24.38,4,0.0,0.0,-6.79,0.0,7561.64,-32.33
UNH,Dip Buyer,Trail 20%,"fast_ema=21, slow_ema=30, dip_pct=7, trend_lookback=10",True,-32.32591282337359,-1.0,-28.82,-20.14,-1.183,-28.82,4,0.0,0.0,-8.15,0.0,7117.97,-32.33
UNH,Trend Rider,No stops,"ema_period=30, atr_period=20, atr_mult=3.0, reentry_mult=0",True,-32.32591282337359,-0.47,-20.25,-13.9,-0.258,-43.04,4,0.0,0.0,-10.77,0.0,7975.5,-32.33
UNH,Trend Rider,Trail 10%,"ema_period=50, atr_period=10, atr_mult=2.5, reentry_mult=1.0",True,-32.32591282337359,1.541,22.17,14.17,0.675,-24.1,5,40.0,9.31,-6.15,0.91,12217.39,-32.33
UNH,Trend Rider,Trail 15%,"ema_period=30, atr_period=20, atr_mult=3.0, reentry_mult=0",True,-32.32591282337359,-0.175,-6.02,-4.02,-0.006,-34.4,5,40.0,3.24,-11.1,0.18,9398.05,-32.33
UNH,Trend Rider,Trail 20%,"ema_period=30, atr_period=20, atr_mult=3.0, reentry_mult=0",True,-32.32591282337359,-0.55,-25.75,-17.88,-0.444,-46.85,5,0.0,0.0,-9.89,0.0,7424.73,-32.33
UNH,Dual Regime,No stops,"fast_sma=60, slow_sma=100, reentry_buffer=1.0",True,-32.32591282337359,-0.821,-18.88,-12.93,-0.569,-22.99,1,0.0,0.0,-18.01,0.0,8111.7,-32.33
UNH,Dual Regime,Trail 10%,"fast_sma=60, slow_sma=100, reentry_buffer=1.0",True,-32.32591282337359,-0.507,-6.34,-4.24,-0.279,-12.51,2,0.0,0.0,-2.65,0.0,9366.29,-32.33
UNH,Dual Regime,Trail 15%,"fast_sma=60, slow_sma=100, reentry_buffer=1.0",True,-32.32591282337359,-0.812,-16.42,-11.19,-0.681,-20.21,2,0.0,0.0,-8.06,0.0,8357.78,-32.33
UNH,Dual Regime,Trail 20%,"fast_sma=60, slow_sma=100, reentry_buffer=1.0",True,-32.32591282337359,-0.884,-25.84,-17.94,-0.921,-29.23,2,0.0,0.0,-13.47,0.0,7416.43,-32.33
UNH,SMA Crossover,No stops,"fast_period=30, slow_period=100",True,-32.32591282337359,0.229,3.04,2.0,0.226,-16.29,1,0.0,0.0,-0.5,0.0,10304.45,-32.33
UNH,SMA Crossover,Trail 10%,"fast_period=30, slow_period=200",True,-32.32591282337359,-0.314,-3.54,-2.36,-0.22,-11.29,1,0.0,0.0,-7.32,0.0,9645.67,-32.33
UNH,SMA Crossover,Trail 15%,"fast_period=30, slow_period=100",True,-32.32591282337359,0.023,0.31,0.2,0.068,-14.33,1,0.0,0.0,-3.27,0.0,10030.63,-32.33
UNH,SMA Crossover,Trail 20%,"fast_period=30, slow_period=100",True,-32.32591282337359,-0.29,-5.6,-3.74,-0.316,-19.28,1,0.0,0.0,-8.96,0.0,9440.37,-32.33
LLY,Crash Avoider,No stops,"trend_sma=100, confirm_days=7, rsi_exit=40, rsi_reentry=55",False,54.574619487637335,-0.126,-4.59,-3.06,0.03,-37.52,3,33.3,20.28,-16.23,0.48,9540.66,54.57
LLY,Crash Avoider,Trail 10%,"trend_sma=75, confirm_days=2, rsi_exit=35, rsi_reentry=45",False,54.574619487637335,1.513,20.17,12.93,0.689,-22.52,5,20.0,33.84,-6.0,1.21,12016.61,54.57
LLY,Crash Avoider,Trail 15%,"trend_sma=100, confirm_days=7, rsi_exit=40, rsi_reentry=55",False,54.574619487637335,0.536,11.46,7.45,0.409,-30.11,3,33.3,26.63,-10.9,1.0,11146.43,54.57
LLY,Crash Avoider,Trail 20%,"trend_sma=100, confirm_days=7, rsi_exit=40, rsi_reentry=55",False,54.574619487637335,-0.143,-5.29,-3.53,0.012,-37.47,3,33.3,19.19,-16.14,0.46,9471.31,54.57
LLY,Dip Buyer,No stops,"fast_ema=5, slow_ema=75, dip_pct=2, trend_lookback=20",False,54.574619487637335,-0.142,-3.84,-2.56,0.007,-27.19,3,33.3,9.59,-6.36,0.67,9615.66,54.57
LLY,Dip Buyer,Trail 10%,"fast_ema=5, slow_ema=75, dip_pct=2, trend_lookback=20",False,54.574619487637335,1.017,12.14,7.88,0.442,-17.21,7,42.9,10.08,-3.99,1.67,11214.18,54.57
LLY,Dip Buyer,Trail 15%,"fast_ema=5, slow_ema=75, dip_pct=2, trend_lookback=20",False,54.574619487637335,0.015,0.36,0.23,0.129,-28.01,4,50.0,8.19,-7.11,1.03,10035.52,54.57
LLY,Dip Buyer,Trail 20%,"fast_ema=5, slow_ema=75, dip_pct=2, trend_lookback=20",False,54.574619487637335,0.076,1.52,1.0,0.161,-23.1,3,33.3,9.0,-3.57,1.23,10151.69,54.57
LLY,Trend Rider,No stops,"ema_period=20, atr_period=14, atr_mult=3.0, reentry_mult=0.5",False,54.574619487637335,0.605,16.63,10.72,0.468,-40.35,2,0.0,0.0,-16.1,0.0,11663.05,54.57
LLY,Trend Rider,Trail 10%,"ema_period=20, atr_period=14, atr_mult=2.0, reentry_mult=1.0",False,54.574619487637335,1.676,26.35,16.74,0.65,-25.94,13,30.8,16.32,-5.5,1.09,12634.64,54.57
LLY,Trend Rider,Trail 15%,"ema_period=40, atr_period=14, atr_mult=2.5, reentry_mult=1.0",False,54.574619487637335,0.396,11.0,7.15,0.379,-38.27,6,33.3,18.64,-9.53,0.8,11100.47,54.57
LLY,Trend Rider,Trail 20%,"ema_period=30, atr_period=14, atr_mult=2.5, reentry_mult=1.0",False,54.574619487637335,0.312,9.07,5.91,0.343,-39.03,5,20.0,33.37,-8.83,0.73,10906.75,54.57
LLY,Dual Regime,No stops,"fast_sma=60, slow_sma=175, reentry_buffer=1.0",False,54.574619487637335,1.605,20.81,13.33,0.69,-21.91,0,0.0,0.0,0.0,0,12081.36,54.57
LLY,Dual Regime,Trail 10%,"fast_sma=60, slow_sma=175, reentry_buffer=1.0",False,54.574619487637335,3.374,21.96,14.04,1.122,-13.81,2,50.0,6.55,-3.75,1.63,12196.25,54.57
LLY,Dual Regime,Trail 15%,"fast_sma=60, slow_sma=175, reentry_buffer=1.0",False,54.574619487637335,2.873,28.02,17.76,0.872,-18.26,1,100.0,2.61,0.0,inf,12802.38,54.57
LLY,Dual Regime,Trail 20%,"fast_sma=60, slow_sma=175, reentry_buffer=1.0",False,54.574619487637335,1.483,20.05,12.85,0.669,-22.56,1,0.0,0.0,-3.42,0.0,12005.08,54.57
LLY,SMA Crossover,No stops,"fast_period=5, slow_period=200",False,54.574619487637335,1.646,21.01,13.45,0.714,-21.88,1,100.0,4.03,0.0,inf,12101.2,54.57
LLY,SMA Crossover,Trail 10%,"fast_period=20, slow_period=30",False,54.574619487637335,2.78,33.99,21.36,1.026,-24.77,7,42.9,15.23,-5.53,1.88,13399.48,54.57
LLY,SMA Crossover,Trail 15%,"fast_period=5, slow_period=200",False,54.574619487637335,4.713,32.66,20.56,1.081,-14.42,1,100.0,14.81,0.0,inf,13265.95,54.57
LLY,SMA Crossover,Trail 20%,"fast_period=5, slow_period=200",False,54.574619487637335,2.601,26.45,16.8,0.889,-19.21,1,100.0,8.05,0.0,inf,12644.7,54.57
AVGO,Crash Avoider,No stops,"trend_sma=60, confirm_days=7, rsi_exit=40, rsi_reentry=60",False,158.7253285615861,5.368,53.37,32.71,1.098,-20.86,2,50.0,66.55,-7.37,8.37,15336.78,158.73
AVGO,Crash Avoider,Trail 10%,"trend_sma=75, confirm_days=7, rsi_exit=40, rsi_reentry=50",False,158.7253285615861,4.97,45.18,27.98,1.3,-20.91,3,33.3,42.82,-7.4,2.27,14518.32,158.73
AVGO,Crash Avoider,Trail 15%,"trend_sma=50, confirm_days=2, rsi_exit=30, rsi_reentry=55",False,158.7253285615861,4.464,62.32,37.78,1.157,-30.11,3,33.3,85.53,-14.03,2.02,16231.65,158.73
AVGO,Crash Avoider,Trail 20%,"trend_sma=50, confirm_days=2, rsi_exit=35, rsi_reentry=60",False,158.7253285615861,-0.951,-23.25,-16.06,-1.254,-24.45,2,0.0,0.0,-12.5,0.0,7675.4,158.73
AVGO,Dip Buyer,No stops,"fast_ema=15, slow_ema=75, dip_pct=2, trend_lookback=20",False,158.7253285615861,0.301,6.22,4.07,0.298,-26.81,2,50.0,30.95,-21.76,1.11,10621.77,158.73
AVGO,Dip Buyer,Trail 10%,"fast_ema=15, slow_ema=50, dip_pct=2, trend_lookback=20",False,158.7253285615861,1.166,15.99,10.32,0.473,-20.2,11,45.5,7.45,-3.8,1.5,11599.39,158.73
AVGO,Dip Buyer,Trail 15%,"fast_ema=15, slow_ema=75, dip_pct=2, trend_lookback=20",False,158.7253285615861,-0.039,-1.1,-0.73,0.158,-32.67,6,16.7,44.26,-7.84,0.87,9890.2,158.73
AVGO,Dip Buyer,Trail 20%,"fast_ema=15, slow_ema=75, dip_pct=2, trend_lookback=20",False,158.7253285615861,-0.012,-0.3,-0.2,0.184,-30.59,5,20.0,35.77,-8.02,0.87,9969.79,158.73
AVGO,Trend Rider,No stops,"ema_period=20, atr_period=14, atr_mult=3.0, reentry_mult=1.0",False,158.7253285615861,3.009,67.88,40.89,0.918,-43.27,1,0.0,0.0,-30.4,0.0,16788.44,158.73
AVGO,Trend Rider,Trail 10%,"ema_period=40, atr_period=20, atr_mult=2.0, reentry_mult=1.0",False,158.7253285615861,1.592,30.06,19.0,0.725,-32.58,11,18.2,31.0,-5.97,0.9,13006.15,158.73
AVGO,Trend Rider,Trail 15%,"ema_period=20, atr_period=14, atr_mult=2.0, reentry_mult=1.0",False,158.7253285615861,5.116,82.0,48.62,1.07,-33.18,6,16.7,101.65,-7.4,1.73,18199.81,158.73
AVGO,Trend Rider,Trail 20%,"ema_period=20, atr_period=14, atr_mult=2.0, reentry_mult=1.0",False,158.7253285615861,4.454,76.42,45.59,1.01,-34.49,5,20.0,92.27,-8.85,1.77,17641.82,158.73
AVGO,Dual Regime,No stops,"fast_sma=20, slow_sma=100, reentry_buffer=1.0",False,158.7253285615861,6.198,59.63,36.27,1.185,-21.02,1,100.0,52.37,0.0,inf,15963.45,158.73
AVGO,Dual Regime,Trail 10%,"fast_sma=20, slow_sma=120, reentry_buffer=1.0",False,158.7253285615861,2.456,21.62,13.83,0.805,-15.89,2,50.0,26.28,-6.29,3.32,12162.05,158.73
AVGO,Dual Regime,Trail 15%,"fast_sma=20, slow_sma=120, reentry_buffer=1.0",False,158.7253285615861,5.803,56.57,34.53,1.146,-20.92,2,50.0,56.08,-2.17,16.79,15656.71,158.73
AVGO,Dual Regime,Trail 20%,"fast_sma=20, slow_sma=120, reentry_buffer=1.0",False,158.7253285615861,3.702,47.4,29.27,1.001,-25.62,2,50.0,46.9,-2.17,14.71,14739.86,158.73
AVGO,SMA Crossover,No stops,"fast_period=30, slow_period=100",False,158.7253285615861,1.771,27.94,17.71,0.699,-26.81,1,100.0,30.49,0.0,inf,12793.75,158.73
AVGO,SMA Crossover,Trail 10%,"fast_period=20, slow_period=50",False,158.7253285615861,8.519,35.41,22.21,1.17,-9.02,2,50.0,37.5,-7.07,4.93,13541.23,158.73
AVGO,SMA Crossover,Trail 15%,"fast_period=20, slow_period=50",False,158.7253285615861,10.446,67.23,40.53,1.284,-14.7,2,50.0,69.95,-7.07,9.19,16723.04,158.73
AVGO,SMA Crossover,Trail 20%,"fast_period=20, slow_period=30",False,158.7253285615861,2.533,35.53,22.28,0.773,-24.87,6,50.0,27.86,-11.91,1.59,13552.76,158.73
JPM,Crash Avoider,No stops,"trend_sma=40, confirm_days=7, rsi_exit=30, rsi_reentry=45",False,23.702236692785284,1.093,12.19,7.91,0.497,-16.69,1,0.0,0.0,-11.35,0.0,11219.12,23.7
JPM,Crash Avoider,Trail 10%,"trend_sma=40, confirm_days=2, rsi_exit=35, rsi_reentry=55",False,23.702236692785284,-0.736,-15.17,-10.31,-0.988,-20.61,2,0.0,0.0,-6.56,0.0,8483.49,23.7
JPM,Crash Avoider,Trail 15%,"trend_sma=40, confirm_days=2, rsi_exit=30, rsi_reentry=55",False,23.702236692785284,-0.629,-15.59,-10.61,-0.878,-24.79,1,0.0,0.0,-9.75,0.0,8440.54,23.7
JPM,Crash Avoider,Trail 20%,"trend_sma=40, confirm_days=2, rsi_exit=35, rsi_reentry=55",False,23.702236692785284,-0.803,-20.71,-14.23,-1.293,-25.8,2,0.0,0.0,-9.58,0.0,7929.1,23.7
JPM,Dip Buyer,No stops,"fast_ema=5, slow_ema=60, dip_pct=3, trend_lookback=20",False,23.702236692785284,-0.363,-7.02,-4.7,-0.202,-19.35,2,50.0,15.22,-14.59,0.88,9297.88,23.7
JPM,Dip Buyer,Trail 10%,"fast_ema=5, slow_ema=60, dip_pct=3, trend_lookback=20",False,23.702236692785284,-0.523,-10.37,-6.99,-0.355,-19.84,4,25.0,15.04,-6.16,0.69,8962.85,23.7
JPM,Dip Buyer,Trail 15%,"fast_ema=5, slow_ema=60, dip_pct=3, trend_lookback=20",False,23.702236692785284,-0.288,-5.19,-3.46,-0.127,-18.03,3,66.7,7.63,-13.17,1.01,9481.17,23.7
JPM,Dip Buyer,Trail 20%,"fast_ema=5, slow_ema=60, dip_pct=3, trend_lookback=20",False,23.702236692785284,-0.363,-7.02,-4.7,-0.202,-19.35,2,50.0,15.22,-14.59,0.88,9297.88,23.7
JPM,Trend Rider,No stops,"ema_period=20, atr_period=10, atr_mult=3.0, reentry_mult=1.0",False,23.702236692785284,0.389,8.05,5.26,0.341,-27.75,3,0.0,0.0,-6.38,0.0,10805.44,23.7
JPM,Trend Rider,Trail 10%,"ema_period=40, atr_period=14, atr_mult=3.0, reentry_mult=1.0",False,23.702236692785284,1.854,20.83,13.34,0.714,-19.26,4,50.0,19.04,-6.01,2.7,12082.79,23.7
JPM,Trend Rider,Trail 15%,"ema_period=60, atr_period=20, atr_mult=2.0, reentry_mult=1.0",False,23.702236692785284,-0.037,-1.0,-0.66,0.081,-28.99,5,20.0,27.27,-6.29,0.91,9900.26,23.7
JPM,Trend Rider,Trail 20%,"ema_period=20, atr_period=14, atr_mult=3.0, reentry_mult=1.0",False,23.702236692785284,0.572,11.72,7.61,0.439,-29.49,2,0.0,0.0,-7.77,0.0,11171.88,23.7
JPM,Dual Regime,No stops,"fast_sma=75, slow_sma=200, reentry_buffer=1.0",False,23.702236692785284,-0.067,-1.0,-0.67,0.031,-15.47,1,0.0,0.0,-1.0,0.0,9899.58,23.7
JPM,Dual Regime,Trail 10%,"fast_sma=20, slow_sma=175, reentry_buffer=1.0",False,23.702236692785284,-0.25,-4.77,-3.18,-0.181,-19.08,3,33.3,5.48,-5.08,0.53,9522.82,23.7
JPM,Dual Regime,Trail 15%,"fast_sma=75, slow_sma=200, reentry_buffer=1.0",False,23.702236692785284,-0.506,-8.45,-5.67,-0.345,-16.69,2,0.0,0.0,-4.32,0.0,9155.36,23.7
JPM,Dual Regime,Trail 20%,"fast_sma=75, slow_sma=200, reentry_buffer=1.0",False,23.702236692785284,-0.067,-1.0,-0.67,0.031,-15.47,1,0.0,0.0,-1.0,0.0,9899.58,23.7
JPM,SMA Crossover,No stops,"fast_period=10, slow_period=200",False,23.702236692785284,-0.561,-10.3,-6.94,-0.44,-18.37,2,0.0,0.0,-5.31,0.0,8970.42,23.7
JPM,SMA Crossover,Trail 10%,"fast_period=20, slow_period=75",False,23.702236692785284,1.309,11.59,7.53,0.585,-14.03,2,100.0,8.3,0.0,inf,11159.38,23.7
JPM,SMA Crossover,Trail 15%,"fast_period=10, slow_period=200",False,23.702236692785284,-0.588,-11.37,-7.67,-0.492,-19.35,2,0.0,0.0,-5.93,0.0,8863.26,23.7
JPM,SMA Crossover,Trail 20%,"fast_period=10, slow_period=200",False,23.702236692785284,-0.561,-10.3,-6.94,-0.44,-18.37,2,0.0,0.0,-5.31,0.0,8970.42,23.7
WMT,Crash Avoider,No stops,"trend_sma=30, confirm_days=7, rsi_exit=45, rsi_reentry=45",False,32.75639237069923,0.783,9.2,6.0,0.384,-16.27,6,66.7,5.52,-3.75,2.9,10920.24,32.76
WMT,Crash Avoider,Trail 10%,"trend_sma=30, confirm_days=7, rsi_exit=45, rsi_reentry=45",False,32.75639237069923,0.758,9.5,6.19,0.404,-17.59,8,62.5,4.75,-4.39,1.7,10949.55,32.76
WMT,Crash Avoider,Trail 15%,"trend_sma=40, confirm_days=5, rsi_exit=30, rsi_reentry=45",False,32.75639237069923,2.294,22.25,14.22,0.725,-16.73,1,0.0,0.0,-4.41,0.0,12225.46,32.76
WMT,Crash Avoider,Trail 20%,"trend_sma=30, confirm_days=7, rsi_exit=45, rsi_reentry=45",False,32.75639237069923,0.783,9.2,6.0,0.384,-16.27,6,66.7,5.52,-3.75,2.9,10920.24,32.76
WMT,Dip Buyer,No stops,"fast_ema=5, slow_ema=40, dip_pct=2, trend_lookback=5",False,32.75639237069923,0.078,0.99,0.66,0.134,-14.33,8,37.5,7.15,-3.72,1.05,10099.37,32.76
WMT,Dip Buyer,Trail 10%,"fast_ema=15, slow_ema=30, dip_pct=5, trend_lookback=20",False,32.75639237069923,-0.087,-1.18,-0.78,0.051,-14.29,6,66.7,3.03,-5.21,1.09,9881.98,32.76
WMT,Dip Buyer,Trail 15%,"fast_ema=15, slow_ema=30, dip_pct=5, trend_lookback=20",False,32.75639237069923,-0.21,-3.66,-2.43,-0.036,-17.43,4,75.0,0.98,-12.48,0.22,9634.32,32.76
WMT,Dip Buyer,Trail 20%,"fast_ema=15, slow_ema=30, dip_pct=5, trend_lookback=20",False,32.75639237069923,-0.19,-3.23,-2.15,-0.022,-17.02,4,75.0,0.98,-12.07,0.22,9676.65,32.76
WMT,Trend Rider,No stops,"ema_period=20, atr_period=14, atr_mult=3.0, reentry_mult=1.0",False,32.75639237069923,1.752,24.4,15.54,0.712,-23.84,1,0.0,0.0,-9.54,0.0,12439.9,32.76
WMT,Trend Rider,Trail 10%,"ema_period=30, atr_period=20, atr_mult=2.5, reentry_mult=0.5",False,32.75639237069923,1.197,17.85,11.48,0.612,-24.04,5,40.0,20.44,-6.02,1.98,11784.5,32.76
WMT,Trend Rider,Trail 15%,"ema_period=20, atr_period=14, atr_mult=3.0, reentry_mult=1.0",False,32.75639237069923,2.938,31.2,19.68,0.861,-19.76,1,0.0,0.0,-4.67,0.0,13119.99,32.76
WMT,Trend Rider,Trail 20%,"ema_period=20, atr_period=14, atr_mult=3.0, reentry_mult=1.0",False,32.75639237069923,1.752,24.4,15.54,0.712,-23.84,1,0.0,0.0,-9.54,0.0,12439.9,32.76
WMT,Dual Regime,No stops,"fast_sma=20, slow_sma=200, reentry_buffer=1.0",False,32.75639237069923,1.992,14.66,9.47,0.621,-11.93,0,0.0,0.0,0.0,0,11465.94,32.76
WMT,Dual Regime,Trail 10%,"fast_sma=20, slow_sma=175, reentry_buffer=1.0",False,32.75639237069923,3.397,17.57,11.31,0.831,-9.47,1,100.0,17.66,0.0,inf,11757.42,32.76
WMT,Dual Regime,Trail 15%,"fast_sma=20, slow_sma=200, reentry_buffer=1.0",False,32.75639237069923,1.992,14.66,9.47,0.621,-11.93,0,0.0,0.0,0.0,0,11465.94,32.76
WMT,Dual Regime,Trail 20%,"fast_sma=20, slow_sma=200, reentry_buffer=1.0",False,32.75639237069923,1.992,14.66,9.47,0.621,-11.93,0,0.0,0.0,0.0,0,11465.94,32.76
WMT,SMA Crossover,No stops,"fast_period=5, slow_period=30",False,32.75639237069923,1.471,11.69,7.59,0.476,-11.73,7,42.9,6.85,-2.04,2.32,11169.38,32.76
WMT,SMA Crossover,Trail 10%,"fast_period=5, slow_period=30",False,32.75639237069923,0.602,6.55,4.29,0.32,-14.37,7,42.9,4.88,-1.85,1.85,10654.66,32.76
WMT,SMA Crossover,Trail 15%,"fast_period=20, slow_period=200",False,32.75639237069923,1.992,14.66,9.47,0.621,-11.93,0,0.0,0.0,0.0,0,11465.94,32.76
WMT,SMA Crossover,Trail 20%,"fast_period=5, slow_period=30",False,32.75639237069923,1.471,11.69,7.59,0.476,-11.73,7,42.9,6.85,-2.04,2.32,11169.38,32.76
HD,Crash Avoider,No stops,"trend_sma=50, confirm_days=2, rsi_exit=40, rsi_reentry=55",True,-20.99266712478609,-0.042,-0.35,-0.23,0.035,-8.6,3,33.3,6.53,-3.36,0.95,9964.55,-20.99
HD,Crash Avoider,Trail 10%,"trend_sma=75, confirm_days=2, rsi_exit=35, rsi_reentry=50",True,-20.99266712478609,-1.0,-11.84,-8.0,-1.046,-11.84,2,0.0,0.0,-6.3,0.0,8815.63,-20.99
HD,Crash Avoider,Trail 15%,"trend_sma=50, confirm_days=2, rsi_exit=40, rsi_reentry=55",True,-20.99266712478609,-0.042,-0.35,-0.23,0.035,-8.6,3,33.3,6.53,-3.36,0.95,9964.55,-20.99
HD,Crash Avoider,Trail 20%,"trend_sma=50, confirm_days=2, rsi_exit=40, rsi_reentry=55",True,-20.99266712478609,-0.042,-0.35,-0.23,0.035,-8.6,3,33.3,6.53,-3.36,0.95,9964.55,-20.99
HD,Dip Buyer,No stops,"fast_ema=10, slow_ema=30, dip_pct=3, trend_lookback=15",True,-20.99266712478609,-0.344,-4.99,-3.33,-0.244,-14.5,4,25.0,6.16,-3.68,0.53,9500.99,-20.99
HD,Dip Buyer,Trail 10%,"fast_ema=10, slow_ema=30, dip_pct=3, trend_lookback=15",True,-20.99266712478609,-0.277,-3.54,-2.36,-0.155,-12.79,4,25.0,7.23,-3.46,0.65,9646.16,-20.99
HD,Dip Buyer,Trail 15%,"fast_ema=10, slow_ema=30, dip_pct=3, trend_lookback=15",True,-20.99266712478609,-0.344,-4.99,-3.33,-0.244,-14.5,4,25.0,6.16,-3.68,0.53,9500.99,-20.99
HD,Dip Buyer,Trail 20%,"fast_ema=10, slow_ema=30, dip_pct=3, trend_lookback=15",True,-20.99266712478609,-0.344,-4.99,-3.33,-0.244,-14.5,4,25.0,6.16,-3.68,0.53,9500.99,-20.99
HD,Trend Rider,No stops,"ema_period=20, atr_period=14, atr_mult=1.5, reentry_mult=1.0",True,-20.99266712478609,-0.582,-13.08,-8.86,-0.434,-22.49,14,28.6,3.88,-3.27,0.45,8692.38,-20.99
HD,Trend Rider,Trail 10%,"ema_period=20, atr_period=14, atr_mult=1.5, reentry_mult=1.0",True,-20.99266712478609,-0.711,-16.32,-11.12,-0.555,-22.95,14,28.6,4.05,-3.7,0.41,8368.5,-20.99
HD,Trend Rider,Trail 15%,"ema_period=20, atr_period=14, atr_mult=1.5, reentry_mult=1.0",True,-20.99266712478609,-0.582,-13.08,-8.86,-0.434,-22.49,14,28.6,3.88,-3.27,0.45,8692.38,-20.99
HD,Trend Rider,Trail 20%,"ema_period=20, atr_period=14, atr_mult=1.5, reentry_mult=1.0",True,-20.99266712478609,-0.582,-13.08,-8.86,-0.434,-22.49,14,28.6,3.88,-3.27,0.45,8692.38,-20.99
HD,Dual Regime,No stops,"fast_sma=75, slow_sma=200, reentry_buffer=1.0",True,-20.99266712478609,-0.836,-17.39,-11.87,-1.298,-20.79,1,0.0,0.0,-18.07,0.0,8261.32,-20.99
HD,Dual Regime,Trail 10%,"fast_sma=20, slow_sma=200, reentry_buffer=1.0",True,-20.99266712478609,-0.999,-18.22,-12.46,-1.796,-18.23,3,0.0,0.0,-6.69,0.0,8177.75,-20.99
HD,Dual Regime,Trail 15%,"fast_sma=20, slow_sma=200, reentry_buffer=1.0",True,-20.99266712478609,-0.963,-20.47,-14.06,-1.866,-21.25,2,0.0,0.0,-11.1,0.0,7952.69,-20.99
HD,Dual Regime,Trail 20%,"fast_sma=75, slow_sma=200, reentry_buffer=1.0",True,-20.99266712478609,-1.0,-18.78,-12.86,-2.178,-18.78,1,0.0,0.0,-19.51,0.0,8121.94,-20.99
HD,SMA Crossover,No stops,"fast_period=20, slow_period=30",True,-20.99266712478609,-0.665,-12.68,-8.58,-0.588,-19.06,7,28.6,5.18,-4.58,0.42,8732.18,-20.99
HD,SMA Crossover,Trail 10%,"fast_period=20, slow_period=30",True,-20.99266712478609,-0.665,-12.68,-8.58,-0.588,-19.06,7,28.6,5.18,-4.58,0.42,8732.18,-20.99
HD,SMA Crossover,Trail 15%,"fast_period=20, slow_period=30",True,-20.99266712478609,-0.665,-12.68,-8.58,-0.588,-19.06,7,28.6,5.18,-4.58,0.42,8732.18,-20.99
HD,SMA Crossover,Trail 20%,"fast_period=20, slow_period=30",True,-20.99266712478609,-0.665,-12.68,-8.58,-0.588,-19.06,7,28.6,5.18,-4.58,0.42,8732.18,-20.99
NVDA,Crash Avoider,No stops,"trend_sma=50, confirm_days=7, rsi_exit=35, rsi_reentry=60",False,49.25254972310902,-0.819,-19.28,-13.21,-0.951,-23.55,1,0.0,0.0,-19.38,0.0,8072.4,49.25
NVDA,Crash Avoider,Trail 10%,"trend_sma=30, confirm_days=2, rsi_exit=45, rsi_reentry=45",False,49.25254972310902,0.08,1.99,1.31,0.191,-29.57,13,23.1,22.62,-5.2,1.04,10199.27,49.25
NVDA,Crash Avoider,Trail 15%,"trend_sma=50, confirm_days=2, rsi_exit=45, rsi_reentry=50",False,49.25254972310902,3.666,44.82,27.77,1.115,-25.86,6,33.3,25.6,-4.39,2.11,14482.4,49.25
NVDA,Crash Avoider,Trail 20%,"trend_sma=50, confirm_days=2, rsi_exit=30, rsi_reentry=50",False,49.25254972310902,3.253,45.79,28.33,0.975,-27.8,2,50.0,50.21,-13.53,3.2,14579.35,49.25
NVDA,Dip Buyer,No stops,"fast_ema=15, slow_ema=75, dip_pct=7, trend_lookback=15",False,49.25254972310902,0.154,2.67,1.76,0.19,-20.62,2,0.0,0.0,-1.18,0.0,10266.61,49.25
NVDA,Dip Buyer,Trail 10%,"fast_ema=15, slow_ema=50, dip_pct=7, trend_lookback=15",False,49.25254972310902,-0.397,-11.72,-7.91,-0.301,-29.55,9,44.4,6.21,-7.01,0.65,8828.5,49.25
NVDA,Dip Buyer,Trail 15%,"fast_ema=15, slow_ema=75, dip_pct=7, trend_lookback=15",False,49.25254972310902,-0.192,-5.11,-3.41,-0.053,-26.6,3,33.3,1.03,-5.43,0.1,9489.3,49.25
NVDA,Dip Buyer,Trail 20%,"fast_ema=15, slow_ema=75, dip_pct=7, trend_lookback=15",False,49.25254972310902,-0.115,-2.78,-1.85,0.029,-24.77,3,0.0,0.0,-2.54,0.0,9722.06,49.25
NVDA,Trend Rider,No stops,"ema_period=40, atr_period=10, atr_mult=2.0, reentry_mult=1.0",False,49.25254972310902,0.69,19.59,12.57,0.51,-42.89,7,14.3,59.45,-7.85,0.94,11958.78,49.25
NVDA,Trend Rider,Trail 10%,"ema_period=20, atr_period=10, atr_mult=1.5, reentry_mult=1.0",False,49.25254972310902,-0.241,-10.89,-7.35,-0.047,-45.22,18,33.3,13.56,-6.35,0.83,8910.83,49.25
NVDA,Trend Rider,Trail 15%,"ema_period=50, atr_period=10, atr_mult=1.5, reentry_mult=1.0",False,49.25254972310902,0.187,6.1,3.99,0.288,-42.12,11,9.1,64.28,-6.22,0.74,10609.85,49.25
NVDA,Trend Rider,Trail 20%,"ema_period=50, atr_period=10, atr_mult=1.5, reentry_mult=1.0",False,49.25254972310902,0.033,1.13,0.75,0.203,-41.35,10,10.0,54.62,-6.74,0.65,10112.96,49.25
NVDA,Dual Regime,No stops,"fast_sma=60, slow_sma=100, reentry_buffer=1.0",False,49.25254972310902,2.591,25.25,16.06,0.77,-17.25,1,100.0,17.09,0.0,inf,12524.7,49.25
NVDA,Dual Regime,Trail 10%,"fast_sma=60, slow_sma=100, reentry_buffer=1.0",False,49.25254972310902,1.22,9.55,6.22,0.453,-11.37,3,33.3,11.12,-0.64,7.77,10954.71,49.25
NVDA,Dual Regime,Trail 15%,"fast_sma=30, slow_sma=100, reentry_buffer=1.0",False,49.25254972310902,3.752,31.73,20.01,0.879,-15.89,2,100.0,14.9,0.0,inf,13173.29,49.25
NVDA,Dual Regime,Trail 20%,"fast_sma=30, slow_sma=100, reentry_buffer=1.0",False,49.25254972310902,1.351,19.8,12.7,0.601,-23.47,2,50.0,19.28,-0.45,36.43,11980.18,49.25
NVDA,SMA Crossover,No stops,"fast_period=30, slow_period=100",False,49.25254972310902,1.652,22.0,14.06,0.657,-22.06,4,50.0,17.18,-5.35,2.48,12200.39,49.25
NVDA,SMA Crossover,Trail 10%,"fast_period=5, slow_period=50",False,49.25254972310902,0.907,15.33,9.9,0.54,-26.04,9,33.3,17.91,-4.97,1.43,11532.91,49.25
NVDA,SMA Crossover,Trail 15%,"fast_period=5, slow_period=50",False,49.25254972310902,1.464,24.62,15.68,0.732,-29.13,8,12.5,48.07,-3.81,1.39,12462.22,49.25
NVDA,SMA Crossover,Trail 20%,"fast_period=10, slow_period=100",False,49.25254972310902,1.44,23.06,14.72,0.672,-26.77,3,33.3,28.11,-5.3,2.13,12305.85,49.25
TSLA,Crash Avoider,No stops,"trend_sma=40, confirm_days=5, rsi_exit=45, rsi_reentry=45",True,25.270192576860474,2.515,36.93,23.11,0.761,-25.86,4,50.0,17.24,-5.58,2.85,13692.53,25.27
TSLA,Crash Avoider,Trail 10%,"trend_sma=40, confirm_days=2, rsi_exit=45, rsi_reentry=45",False,25.270192576860474,1.552,24.41,15.55,0.649,-25.93,12,33.3,16.83,-4.54,1.53,12441.2,25.27
TSLA,Crash Avoider,Trail 15%,"trend_sma=40, confirm_days=3, rsi_exit=45, rsi_reentry=45",True,25.270192576860474,3.363,43.39,26.93,0.899,-24.5,6,33.3,19.85,-2.64,3.15,14338.86,25.27
TSLA,Crash Avoider,Trail 20%,"trend_sma=40, confirm_days=5, rsi_exit=45, rsi_reentry=45",True,25.270192576860474,1.47,27.56,17.48,0.638,-30.71,5,40.0,16.7,-5.65,1.81,12755.87,25.27
TSLA,Dip Buyer,No stops,"fast_ema=5, slow_ema=30, dip_pct=3, trend_lookback=5",False,25.270192576860474,1.078,18.18,11.68,0.489,-25.11,6,50.0,9.3,-6.83,1.22,11817.59,25.27
TSLA,Dip Buyer,Trail 10%,"fast_ema=10, slow_ema=30, dip_pct=3, trend_lookback=5",False,25.270192576860474,1.518,23.78,15.16,0.589,-24.9,13,38.5,12.67,-5.36,1.31,12378.11,25.27
TSLA,Dip Buyer,Trail 15%,"fast_ema=5, slow_ema=30, dip_pct=3, trend_lookback=5",True,25.270192576860474,1.454,25.52,16.23,0.619,-28.42,8,50.0,10.22,-6.8,1.42,12551.75,25.27
TSLA,Dip Buyer,Trail 20%,"fast_ema=5, slow_ema=30, dip_pct=3, trend_lookback=5",False,25.270192576860474,1.432,21.76,13.91,0.545,-23.47,7,57.1,7.67,-6.83,1.38,12176.04,25.27
TSLA,Trend Rider,No stops,"ema_period=30, atr_period=14, atr_mult=1.5, reentry_mult=0",False,25.270192576860474,-0.286,-13.64,-9.25,0.001,-47.82,7,28.6,17.77,-10.75,0.51,8636.06,25.27
TSLA,Trend Rider,Trail 10%,"ema_period=60, atr_period=10, atr_mult=1.5, reentry_mult=1.0",False,25.270192576860474,0.025,0.67,0.44,0.151,-30.63,13,30.8,10.97,-4.42,1.02,10066.82,25.27
TSLA,Trend Rider,Trail 15%,"ema_period=60, atr_period=20, atr_mult=2.0, reentry_mult=1.0",False,25.270192576860474,0.569,13.1,8.49,0.41,-32.45,8,37.5,16.5,-8.04,1.03,11310.47,25.27
TSLA,Trend Rider,Trail 20%,"ema_period=60, atr_period=10, atr_mult=3.0, reentry_mult=1.0",True,25.270192576860474,3.28,53.46,32.76,0.895,-30.89,4,50.0,26.22,-6.33,3.05,15345.67,25.27
TSLA,Dual Regime,No stops,"fast_sma=75, slow_sma=150, reentry_buffer=1.0",False,25.270192576860474,0.136,3.22,2.12,0.215,-28.75,1,100.0,3.31,0.0,inf,10321.88,25.27
TSLA,Dual Regime,Trail 10%,"fast_sma=40, slow_sma=100, reentry_buffer=1.0",False,25.270192576860474,-0.144,-2.05,-1.36,-0.024,-14.21,3,66.7,2.26,-6.52,0.69,9795.25,25.27
TSLA,Dual Regime,Trail 15%,"fast_sma=40, slow_sma=100, reentry_buffer=1.0",False,25.270192576860474,1.748,22.49,14.37,0.646,-21.18,3,33.3,35.29,-4.78,3.02,12249.26,25.27
TSLA,Dual Regime,Trail 20%,"fast_sma=40, slow_sma=100, reentry_buffer=1.0",True,25.270192576860474,2.408,26.27,16.69,0.674,-18.26,1,100.0,26.98,0.0,inf,12626.86,25.27
TSLA,SMA Crossover,No stops,"fast_period=5, slow_period=30",False,25.270192576860474,0.866,15.51,10.01,0.455,-26.07,8,25.0,18.19,-4.49,1.21,11550.66,25.27
TSLA,SMA Crossover,Trail 10%,"fast_period=5, slow_period=30",False,25.270192576860474,-0.138,-3.4,-2.26,0.057,-26.03,9,22.2,21.07,-5.73,0.91,9659.94,25.27
TSLA,SMA Crossover,Trail 15%,"fast_period=5, slow_period=75",False,25.270192576860474,1.086,13.54,8.76,0.452,-18.11,4,50.0,10.5,-5.8,1.62,11353.83,25.27
TSLA,SMA Crossover,Trail 20%,"fast_period=5, slow_period=30",False,25.270192576860474,0.321,7.52,4.92,0.316,-30.83,8,25.0,14.56,-4.49,0.93,10752.31,25.27
